{
  "name": "fitvids",
  "version": "1.2.0",
  "main": "./jquery.fitvids.js",
  "ignore": [
    "**/.*",
    "node_modules",
    "components",
    "bower_components",
    "test",
    "tests"
  ],
  "dependencies": {
    "jquery": ">= 1.7.0"
  },
  "homepage": "https://github.com/davatron5000/FitVids.js",
  "authors": [
    "Dave Rupert <rupato@gmail.com>"
  ],
  "description": "FitVids makes video embeds responsive",
  "keywords": [
    "FitVids",
    "Responsive",
    "RWD",
    "YouTube",
    "Vimeo"
  ],
  "license": "WTFPL",
  "_release": "1.2.0",
  "_resolution": {
    "type": "version",
    "tag": "v1.2.0",
    "commit": "d028a2287a633478005a49fe6d1f3fcbe9f2d955"
  },
  "_source": "https://github.com/davatron5000/FitVids.js.git",
  "_target": "^1.2.0",
  "_originalSource": "fitvids",
  "_direct": true
}